number,name,messageNum,message
0,Princess,0,I need money to help you
1,Princess,1,but you still have no money
2,Princess,2,Bring me 300$
3,Princess,3,
4,Princess,4,It's time for you to wake up
5,Princess,5,from your dreams
6,Princess,6,When I wake up from this dream
7,Princess,7,You will have another dream
8,Princess,8,"But even from that dream, "
9,Princess,9,You will wake up someday
10,Princess,10,Even if you wake up
11,Princess,11,I'll always wait here
12,Princess,12,I hope we can meet again someday
13,Princess,13,
